x1,x2,y
6.82206015999449,7.896792982653947,1
7.88618590121053,6.174577812831839,1
6.22745993460413,7.307142754282428,1
2.0970775493480405,2.9686449905328893,-1
1.4702397962329612,2.513267433113356,-1
2.0917607765355024,0.0124310853991072,-1
0.5214780096325726,1.2801557916052912,-1
5.025318329772679,6.787084603742452,1
3.465648768921554,1.7742236995134644,-1
2.496714153011233,1.8617356988288154,-1
2.2088635950047553,0.04032987612022443,-1
1.52082576215471,1.814341023336183,-1
4.763049289121918,4.679543386915723,1
1.927989878419666,3.003532897892024,-1
6.625667347765006,5.142842443583717,1
1.5305256140650478,2.5425600435859645,-1
5.319975278421509,6.232253697161004,1
6.293072473298682,5.285648581973632,1
1.4556172754748173,2.1109225897098662,-1
0.8936650259939718,0.8037933759193292,-1
4.081228784700959,5.973486124550783,1
6.013001891877907,7.453534077157316,1
1.3230779996940414,2.6116762888408678,-1
1.1915063971068123,1.4982429564154636,-1
6.81351721736967,4.769135683566045,1
1.398293387770603,3.852278184508938,-1
1.780328112162488,2.3571125715117462,-1
6.214093744130204,4.7542612212880115,1
1.0919759244787892,0.5876962986647085,-1
6.259882794248424,6.78182287177731,1
2.0675282046879238,0.5752518137865432,-1
1.6078918468678425,0.5364850518678814,-1
5.110485570374477,5.184189715034561,1
1.1607824767773613,1.6907876241487854,-1
6.473237624573545,5.927171087343127,1
1.5365823071875377,1.534270246429743,-1
4.937696286273895,6.473592430635182,1
4.449336568933868,6.068562974806027,1
2.361395605508414,3.538036566465969,-1
1.986502775262066,0.9422890710440996,-1
2.005113456642461,1.7654128666248532,-1
2.361636025047634,1.3548802453948756,-1
0.27508216748696723,1.4377124707590272,-1
5.553485047932979,6.856398794323472,1
3.030999522495951,2.931280119116199,-1
0.6718139511015695,2.1968612358691235,-1
7.158595579007404,5.179317681648289,1
2.324083969394795,1.6149177195836835,-1
6.58685709380027,8.190455625809978,1
0.8490064225776972,2.375698018345672,-1
2.3436182895684614,0.23695984463726605,-1
3.5792128155073915,2.767434729152909,-1
2.822544912103189,0.7791563500289778,-1
2.087047068238171,1.7009926495341325,-1
0.9871688796655762,2.314247332595274,-1
7.865774511144757,6.4738329209117875,1
2.241962271566034,0.08671975534220211,-1
6.099651365087642,5.496524345883801,1
1.9641739608900484,3.564643655814006,-1
5.735343166762044,8.720169166589619,1
6.060230209941026,8.463242112485286,1
6.058208718446,4.857029702169377,1
6.2575503907227645,5.925554084233832,1
2.915402117702074,2.3287511096596845,-1
4.584629257949586,5.579354677234641,1
5.080575765766197,7.54993440501754,1
1.2979469061226476,1.6723378534022317,-1
5.216746707663763,5.677938483794325,1
7.402794310936099,4.5981489372077196,1
6.173180925851182,6.3853173797288365,1
4.808696502797352,6.65655360863383,1
3.4778940447415163,1.4817297817263526,-1
5.965288230294757,4.831321962380468,1
2.296120277064576,2.261055272179889,-1
5.116142563798867,6.153725105945528,1
5.807639035218878,6.301547342333612,1
6.250492850345877,6.346448209496976,1
2.812525822394198,3.3562400285708227,-1
5.153206281931595,4.485152775314136,1
7.1428228145150205,6.751933032686774,1
5.009463674869312,5.433702270397228,1
5.754611883997129,5.246263835642511,1
-0.6197451040897444,2.821902504375224,-1
2.331263431403564,2.975545127122359,-1
2.6476885381006925,3.5230298564080256,-1
5.838714288333991,6.404050856814538,1
1.8843517176117595,1.6988963044107113,-1
1.765846625276664,1.7658630430508195,-1
1.5393612290402126,3.0571222262189157,-1
6.276690799330019,6.827183249036024,1
4.929107501938888,6.482472415243185,1
6.521941565616897,6.296984673233186,1
5.922898290585896,6.341151974816644,1
6.963376129244322,6.412780926936498,1
2.7384665799954107,2.1713682811899706,-1
6.791031947043047,5.090612545205261,1
4.3925167654387725,6.184633858532305,1
1.399361310081195,1.7083062502067232,-1
5.776537214674149,6.714000494092092,1
5.65728548347323,5.197722730778381,1
